ST,Year,half,alldrugs_seizure_count
AK,1999,2,16
AK,2000,1,99
AK,2000,2,49
AK,2001,1,11
AK,2001,2,25
AK,2002,1,24
AK,2002,2,40
AK,2003,1,45
AK,2003,2,106
AK,2004,1,40
AK,2004,2,152
AK,2005,1,449
AK,2005,2,660
AK,2006,1,513
AK,2006,2,706
AK,2007,1,610
AK,2007,2,426
AK,2008,1,485
AK,2008,2,258
AK,2009,1,324
AK,2009,2,326
AK,2010,1,471
AK,2010,2,442
AK,2011,1,335
AK,2011,2,381
AK,2012,1,403
AK,2012,2,420
AK,2013,1,569
AK,2013,2,441
AK,2014,1,424
AK,2014,2,428
AK,2015,1,472
AK,2015,2,411
AK,2016,1,521
AK,2016,2,361
AK,2017,1,486
AK,2017,2,417
AK,2018,1,393
AK,2018,2,164
AK,2019,1,107
AK,2019,2,78
AK,2020,1,568
AK,2020,2,669
AK,2021,1,696
AK,2021,2,725
AK,2022,1,726
AK,2022,2,791
AL,1997,1,180
AL,1997,2,932
AL,1998,1,1904
AL,1998,2,1636
AL,1999,1,1995
AL,1999,2,2138
AL,2000,1,3327
AL,2000,2,3438
AL,2001,1,3883
AL,2001,2,5069
AL,2002,1,5109
AL,2002,2,5156
AL,2003,1,5650
AL,2003,2,4315
AL,2004,1,5474
AL,2004,2,5479
AL,2005,1,6572
AL,2005,2,5329
AL,2006,1,5462
AL,2006,2,5282
AL,2007,1,6062
AL,2007,2,5106
AL,2008,1,5969
AL,2008,2,6062
AL,2009,1,7451
AL,2009,2,7380
AL,2010,1,8090
AL,2010,2,8658
AL,2011,1,8695
AL,2011,2,7672
AL,2012,1,7106
AL,2012,2,6128
AL,2013,1,6114
AL,2013,2,5812
AL,2014,1,5462
AL,2014,2,5741
AL,2015,1,5549
AL,2015,2,4614
AL,2016,1,5519
AL,2016,2,6064
AL,2017,1,9430
AL,2017,2,8439
AL,2018,1,9783
AL,2018,2,9351
AL,2019,1,10695
AL,2019,2,10130
AL,2020,1,9968
AL,2020,2,7994
AL,2021,1,10021
AL,2021,2,5523
AL,2022,1,1941
AL,2022,2,1253
AR,1999,1,5
AR,1999,2,39
AR,2000,1,79
AR,2000,2,100
AR,2001,1,137
AR,2001,2,907
AR,2002,1,3660
AR,2002,2,3313
AR,2003,1,4117
AR,2003,2,3716
AR,2004,1,4223
AR,2004,2,4157
AR,2005,1,5121
AR,2005,2,4991
AR,2006,1,4640
AR,2006,2,5559
AR,2007,1,6803
AR,2007,2,551
AR,2008,1,6351
AR,2008,2,5542
AR,2009,1,6541
AR,2009,2,5400
AR,2010,1,7595
AR,2010,2,7448
AR,2011,1,6044
AR,2011,2,7169
AR,2012,1,8674
AR,2012,2,5840
AR,2013,1,5232
AR,2013,2,6563
AR,2014,1,9699
AR,2014,2,11259
AR,2015,1,12597
AR,2015,2,12110
AR,2016,1,13898
AR,2016,2,13171
AR,2017,1,14881
AR,2017,2,13523
AR,2018,1,14434
AR,2018,2,11546
AR,2019,1,12826
AR,2019,2,12990
AR,2020,1,12670
AR,2020,2,13603
AR,2021,1,13433
AR,2021,2,10526
AR,2022,1,10205
AR,2022,2,7970
AS,2001,1,2
AS,2001,2,4
AS,2002,2,1
AS,2003,2,105
AS,2004,2,32
AS,2005,1,28
AS,2005,2,21
AS,2006,1,24
AS,2007,1,28
AS,2007,2,1
AS,2008,1,1
AS,2008,2,2
AS,2009,1,44
AS,2009,2,3
AS,2010,1,4
AS,2010,2,9
AS,2011,1,9
AS,2011,2,1
AS,2012,1,6
AS,2012,2,135
AS,2013,1,6
AS,2013,2,70
AS,2014,1,11
AS,2014,2,2
AS,2015,1,8
AS,2016,2,1
AS,2017,1,8
AS,2017,2,2
AS,2018,1,16
AS,2018,2,9
AS,2019,1,6
AS,2020,1,13
AS,2020,2,7
AS,2021,1,3
AS,2021,2,14
AS,2022,1,29
AS,2022,2,23
AZ,1998,2,7
AZ,1999,1,7
AZ,1999,2,71
AZ,2000,1,237
AZ,2000,2,156
AZ,2001,1,340
AZ,2001,2,272
AZ,2002,1,272
AZ,2002,2,218
AZ,2003,1,190
AZ,2003,2,209
AZ,2004,1,837
AZ,2004,2,1825
AZ,2005,1,2146
AZ,2005,2,2119
AZ,2006,1,2239
AZ,2006,2,2033
AZ,2007,1,2280
AZ,2007,2,1466
AZ,2008,1,1309
AZ,2008,2,1198
AZ,2009,1,1595
AZ,2009,2,1844
AZ,2010,1,1963
AZ,2010,2,2373
AZ,2011,1,2697
AZ,2011,2,2756
AZ,2012,1,2910
AZ,2012,2,3860
AZ,2013,1,6674
AZ,2013,2,7035
AZ,2014,1,7984
AZ,2014,2,7403
AZ,2015,1,7857
AZ,2015,2,6729
AZ,2016,1,7337
AZ,2016,2,7440
AZ,2017,1,8144
AZ,2017,2,6917
AZ,2018,1,7039
AZ,2018,2,7138
AZ,2019,1,8002
AZ,2019,2,8009
AZ,2020,1,8574
AZ,2020,2,10802
AZ,2021,1,12414
AZ,2021,2,12462
AZ,2022,1,14009
AZ,2022,2,14001
CA,1997,2,26
CA,1998,1,30
CA,1998,2,551
CA,1999,1,9675
CA,1999,2,11679
CA,2000,1,11445
CA,2000,2,15425
CA,2001,1,22343
CA,2001,2,21797
CA,2002,1,25526
CA,2002,2,29029
CA,2003,1,32175
CA,2003,2,35715
CA,2004,1,37811
CA,2004,2,38954
CA,2005,1,51512
CA,2005,2,52454
CA,2006,1,46175
CA,2006,2,43028
CA,2007,1,43896
CA,2007,2,34656
CA,2008,1,35322
CA,2008,2,34078
CA,2009,1,34921
CA,2009,2,33117
CA,2010,1,36748
CA,2010,2,33721
CA,2011,1,34040
CA,2011,2,29352
CA,2012,1,37385
CA,2012,2,35221
CA,2013,1,37256
CA,2013,2,39268
CA,2014,1,38735
CA,2014,2,37619
CA,2015,1,37308
CA,2015,2,34956
CA,2016,1,41901
CA,2016,2,40173
CA,2017,1,39063
CA,2017,2,38398
CA,2018,1,42199
CA,2018,2,41885
CA,2019,1,47060
CA,2019,2,41727
CA,2020,1,40198
CA,2020,2,54630
CA,2021,1,52649
CA,2021,2,37862
CA,2022,1,34376
CA,2022,2,33182
CO,1998,2,1
CO,1999,1,8
CO,1999,2,222
CO,2000,1,439
CO,2000,2,525
CO,2001,1,645
CO,2001,2,576
CO,2002,1,453
CO,2002,2,359
CO,2003,1,422
CO,2003,2,550
CO,2004,1,527
CO,2004,2,1037
CO,2005,1,1908
CO,2005,2,2081
CO,2006,1,2149
CO,2006,2,1806
CO,2007,1,1969
CO,2007,2,1649
CO,2008,1,1863
CO,2008,2,1879
CO,2009,1,2585
CO,2009,2,2324
CO,2010,1,2684
CO,2010,2,2323
CO,2011,1,1930
CO,2011,2,1643
CO,2012,1,2257
CO,2012,2,2763
CO,2013,1,2863
CO,2013,2,3363
CO,2014,1,3429
CO,2014,2,3018
CO,2015,1,3076
CO,2015,2,3811
CO,2016,1,4189
CO,2016,2,3658
CO,2017,1,4346
CO,2017,2,4072
CO,2018,1,4625
CO,2018,2,4404
CO,2019,1,5104
CO,2019,2,4458
CO,2020,1,3536
CO,2020,2,3913
CO,2021,1,4898
CO,2021,2,4499
CO,2022,1,4504
CO,2022,2,3598
CT,1999,1,35
CT,1999,2,30
CT,2000,1,131
CT,2000,2,185
CT,2001,1,207
CT,2001,2,233
CT,2002,1,219
CT,2002,2,154
CT,2003,1,150
CT,2003,2,154
CT,2004,1,159
CT,2004,2,31
CT,2005,1,150
CT,2005,2,105
CT,2006,1,183
CT,2006,2,158
CT,2007,1,86
CT,2007,2,90
CT,2008,1,289
CT,2008,2,158
CT,2009,1,271
CT,2009,2,216
CT,2010,1,245
CT,2010,2,284
CT,2011,1,366
CT,2011,2,350
CT,2012,1,298
CT,2012,2,299
CT,2013,1,423
CT,2013,2,236
CT,2014,1,428
CT,2014,2,216
CT,2015,1,310
CT,2015,2,275
CT,2016,1,522
CT,2016,2,506
CT,2017,1,630
CT,2017,2,708
CT,2018,1,632
CT,2018,2,614
CT,2019,1,663
CT,2019,2,629
CT,2020,1,502
CT,2020,2,589
CT,2021,1,831
CT,2021,2,844
CT,2022,1,1006
CT,2022,2,1063
DC,1997,1,2
DC,1997,2,1
DC,1998,1,10
DC,1998,2,99
DC,1999,1,453
DC,1999,2,634
DC,2000,1,505
DC,2000,2,731
DC,2001,1,884
DC,2001,2,938
DC,2002,1,624
DC,2002,2,511
DC,2003,1,489
DC,2003,2,392
DC,2004,1,465
DC,2004,2,344
DC,2005,1,370
DC,2005,2,457
DC,2006,1,731
DC,2006,2,705
DC,2007,1,674
DC,2007,2,998
DC,2008,1,941
DC,2008,2,744
DC,2009,1,695
DC,2009,2,851
DC,2010,1,813
DC,2010,2,873
DC,2011,1,900
DC,2011,2,972
DC,2012,1,935
DC,2012,2,623
DC,2013,1,698
DC,2013,2,323
DC,2014,1,327
DC,2014,2,240
DC,2015,1,202
DC,2015,2,452
DC,2016,1,890
DC,2016,2,856
DC,2017,1,949
DC,2017,2,627
DC,2018,1,279
DC,2018,2,173
DC,2019,1,291
DC,2019,2,258
DC,2020,1,196
DC,2020,2,217
DC,2021,1,192
DC,2021,2,152
DC,2022,1,209
DC,2022,2,190
DE,2000,1,4
DE,2000,2,8
DE,2001,1,24
DE,2001,2,13
DE,2002,1,18
DE,2002,2,27
DE,2003,1,19
DE,2003,2,33
DE,2004,1,65
DE,2004,2,60
DE,2005,1,107
DE,2005,2,117
DE,2006,1,168
DE,2006,2,181
DE,2007,1,175
DE,2007,2,225
DE,2008,1,275
DE,2008,2,191
DE,2009,1,309
DE,2009,2,300
DE,2010,1,419
DE,2010,2,509
DE,2011,1,493
DE,2011,2,394
DE,2012,1,328
DE,2012,2,271
DE,2013,1,431
DE,2013,2,193
DE,2014,1,79
DE,2014,2,81
DE,2015,1,126
DE,2015,2,233
DE,2016,1,401
DE,2016,2,264
DE,2017,1,255
DE,2017,2,496
DE,2018,1,570
DE,2018,2,666
DE,2019,1,98
DE,2019,2,96
DE,2020,1,56
DE,2020,2,134
DE,2021,1,94
DE,2021,2,76
DE,2022,1,126
DE,2022,2,76
FL,1997,1,10
FL,1997,2,10
FL,1998,1,11
FL,1998,2,291
FL,1999,1,634
FL,1999,2,1096
FL,2000,1,4333
FL,2000,2,4711
FL,2001,1,4980
FL,2001,2,6022
FL,2002,1,6831
FL,2002,2,6434
FL,2003,1,6345
FL,2003,2,6875
FL,2004,1,4598
FL,2004,2,4105
FL,2005,1,3964
FL,2005,2,2999
FL,2006,1,4717
FL,2006,2,4382
FL,2007,1,7167
FL,2007,2,6058
FL,2008,1,7550
FL,2008,2,7750
FL,2009,1,9454
FL,2009,2,10216
FL,2010,1,11347
FL,2010,2,12372
FL,2011,1,12267
FL,2011,2,11145
FL,2012,1,11667
FL,2012,2,10676
FL,2013,1,12576
FL,2013,2,11540
FL,2014,1,13852
FL,2014,2,12071
FL,2015,1,13459
FL,2015,2,13445
FL,2016,1,13935
FL,2016,2,13915
FL,2017,1,17345
FL,2017,2,15660
FL,2018,1,20596
FL,2018,2,19462
FL,2019,1,20210
FL,2019,2,20420
FL,2020,1,18780
FL,2020,2,20866
FL,2021,1,24195
FL,2021,2,19315
FL,2022,1,20309
FL,2022,2,18019
GA,1998,1,6
GA,1998,2,17
GA,1999,1,28
GA,1999,2,109
GA,2000,1,405
GA,2000,2,554
GA,2001,1,3703
GA,2001,2,5006
GA,2002,1,5498
GA,2002,2,4712
GA,2003,1,5714
GA,2003,2,5972
GA,2004,1,5968
GA,2004,2,5844
GA,2005,1,8302
GA,2005,2,8164
GA,2006,1,6035
GA,2006,2,6407
GA,2007,1,7585
GA,2007,2,5275
GA,2008,1,5400
GA,2008,2,5598
GA,2009,1,6297
GA,2009,2,5394
GA,2010,1,7021
GA,2010,2,7166
GA,2011,1,7413
GA,2011,2,7262
GA,2012,1,9593
GA,2012,2,9558
GA,2013,1,9893
GA,2013,2,10391
GA,2014,1,11719
GA,2014,2,11005
GA,2015,1,11933
GA,2015,2,12462
GA,2016,1,14006
GA,2016,2,12723
GA,2017,1,14126
GA,2017,2,11887
GA,2018,1,12755
GA,2018,2,13724
GA,2019,1,13632
GA,2019,2,12487
GA,2020,1,11457
GA,2020,2,11186
GA,2021,1,14219
GA,2021,2,10059
GA,2022,1,7763
GA,2022,2,7045
GU,2009,2,7
GU,2010,1,5
GU,2011,1,2
GU,2012,1,1
GU,2013,1,3
GU,2013,2,9
GU,2014,1,2
GU,2014,2,10
GU,2015,1,11
GU,2015,2,21
GU,2016,1,11
GU,2016,2,5
GU,2017,1,12
GU,2017,2,4
GU,2018,1,15
GU,2018,2,3
GU,2019,1,5
GU,2019,2,18
GU,2020,1,22
GU,2020,2,47
GU,2021,1,22
GU,2021,2,23
GU,2022,1,24
GU,2022,2,8
HI,1999,1,2
HI,1999,2,26
HI,2000,1,180
HI,2000,2,79
HI,2001,1,188
HI,2001,2,269
HI,2002,1,159
HI,2002,2,235
HI,2003,1,1229
HI,2003,2,950
HI,2004,1,713
HI,2004,2,1031
HI,2005,1,1278
HI,2005,2,1016
HI,2006,1,919
HI,2006,2,1718
HI,2007,1,1166
HI,2007,2,848
HI,2008,1,693
HI,2008,2,571
HI,2009,1,521
HI,2009,2,451
HI,2010,1,592
HI,2010,2,455
HI,2011,1,551
HI,2011,2,557
HI,2012,1,794
HI,2012,2,531
HI,2013,1,1018
HI,2013,2,584
HI,2014,1,921
HI,2014,2,956
HI,2015,1,865
HI,2015,2,1347
HI,2016,1,732
HI,2016,2,624
HI,2017,1,574
HI,2017,2,472
HI,2018,1,192
HI,2018,2,513
HI,2019,1,353
HI,2019,2,653
HI,2020,1,150
HI,2020,2,149
HI,2021,1,624
HI,2021,2,710
HI,2022,1,598
HI,2022,2,399
IA,1999,1,51
IA,1999,2,1789
IA,2000,1,2488
IA,2000,2,3342
IA,2001,1,4019
IA,2001,2,3562
IA,2002,1,4807
IA,2002,2,4629
IA,2003,1,4588
IA,2003,2,4588
IA,2004,1,4686
IA,2004,2,3513
IA,2005,1,3701
IA,2005,2,3219
IA,2006,1,3160
IA,2006,2,3082
IA,2007,1,2889
IA,2007,2,2156
IA,2008,1,2473
IA,2008,2,2349
IA,2009,1,2838
IA,2009,2,2798
IA,2010,1,3142
IA,2010,2,3002
IA,2011,1,3271
IA,2011,2,2996
IA,2012,1,3714
IA,2012,2,4260
IA,2013,1,4227
IA,2013,2,3958
IA,2014,1,4449
IA,2014,2,3733
IA,2015,1,4251
IA,2015,2,4146
IA,2016,1,4862
IA,2016,2,4695
IA,2017,1,5815
IA,2017,2,5336
IA,2018,1,6127
IA,2018,2,5750
IA,2019,1,6353
IA,2019,2,5742
IA,2020,1,5202
IA,2020,2,5431
IA,2021,1,5496
IA,2021,2,5437
IA,2022,1,5241
IA,2022,2,5221
ID,1999,2,3
ID,2000,1,18
ID,2000,2,99
ID,2001,1,1317
ID,2001,2,1263
ID,2002,1,1478
ID,2002,2,1309
ID,2003,1,1121
ID,2003,2,1704
ID,2004,1,1765
ID,2004,2,1646
ID,2005,1,1959
ID,2005,2,1595
ID,2006,1,1670
ID,2006,2,1543
ID,2007,1,1463
ID,2007,2,1035
ID,2008,1,1082
ID,2008,2,874
ID,2009,1,1036
ID,2009,2,930
ID,2010,1,1219
ID,2010,2,1123
ID,2011,1,1245
ID,2011,2,1388
ID,2012,1,1607
ID,2012,2,1416
ID,2013,1,1603
ID,2013,2,1212
ID,2014,1,2050
ID,2014,2,2024
ID,2015,1,2303
ID,2015,2,2422
ID,2016,1,2651
ID,2016,2,2581
ID,2017,1,2904
ID,2017,2,2917
ID,2018,1,3341
ID,2018,2,3149
ID,2019,1,3242
ID,2019,2,3076
ID,2020,1,3141
ID,2020,2,3460
ID,2021,1,4476
ID,2021,2,4047
ID,2022,1,4896
ID,2022,2,4406
IL,1997,1,3
IL,1997,2,2
IL,1998,1,17
IL,1998,2,600
IL,1999,1,2131
IL,1999,2,2648
IL,2000,1,2573
IL,2000,2,2396
IL,2001,1,2953
IL,2001,2,2908
IL,2002,1,3101
IL,2002,2,2932
IL,2003,1,3238
IL,2003,2,2922
IL,2004,1,3657
IL,2004,2,3278
IL,2005,1,3604
IL,2005,2,3294
IL,2006,1,3904
IL,2006,2,4431
IL,2007,1,3477
IL,2007,2,3415
IL,2008,1,3921
IL,2008,2,4683
IL,2009,1,5534
IL,2009,2,5556
IL,2010,1,5173
IL,2010,2,3934
IL,2011,1,4979
IL,2011,2,5687
IL,2012,1,6476
IL,2012,2,6222
IL,2013,1,5877
IL,2013,2,5915
IL,2014,1,6456
IL,2014,2,6202
IL,2015,1,6708
IL,2015,2,7716
IL,2016,1,8226
IL,2016,2,7642
IL,2017,1,9880
IL,2017,2,9562
IL,2018,1,12135
IL,2018,2,11510
IL,2019,1,9898
IL,2019,2,9072
IL,2020,1,7085
IL,2020,2,9130
IL,2021,1,9462
IL,2021,2,8137
IL,2022,1,8332
IL,2022,2,7812
IN,1999,1,2
IN,1999,2,51
IN,2000,1,51
IN,2000,2,137
IN,2001,1,474
IN,2001,2,2212
IN,2002,1,3175
IN,2002,2,2975
IN,2003,1,3403
IN,2003,2,3256
IN,2004,1,3271
IN,2004,2,2498
IN,2005,1,3784
IN,2005,2,3295
IN,2006,1,2705
IN,2006,2,1871
IN,2007,1,1932
IN,2007,2,1310
IN,2008,1,3886
IN,2008,2,4026
IN,2009,1,5316
IN,2009,2,4313
IN,2010,1,4612
IN,2010,2,1516
IN,2011,1,2514
IN,2011,2,4487
IN,2012,1,6719
IN,2012,2,6814
IN,2013,1,7271
IN,2013,2,6728
IN,2014,1,7646
IN,2014,2,4525
IN,2015,1,6036
IN,2015,2,6495
IN,2016,1,7910
IN,2016,2,6632
IN,2017,1,8263
IN,2017,2,8117
IN,2018,1,9509
IN,2018,2,11012
IN,2019,1,15753
IN,2019,2,9200
IN,2020,1,7565
IN,2020,2,7828
IN,2021,1,9931
IN,2021,2,8807
IN,2022,1,9322
IN,2022,2,7354
KS,1999,2,76
KS,2000,1,281
KS,2000,2,358
KS,2001,1,492
KS,2001,2,1617
KS,2002,1,4094
KS,2002,2,3742
KS,2003,1,4500
KS,2003,2,3917
KS,2004,1,3505
KS,2004,2,3629
KS,2005,1,4505
KS,2005,2,3522
KS,2006,1,3736
KS,2006,2,3506
KS,2007,1,3508
KS,2007,2,2167
KS,2008,1,2250
KS,2008,2,2112
KS,2009,1,2455
KS,2009,2,2133
KS,2010,1,3470
KS,2010,2,3896
KS,2011,1,4323
KS,2011,2,4281
KS,2012,1,4361
KS,2012,2,4357
KS,2013,1,4069
KS,2013,2,4186
KS,2014,1,4863
KS,2014,2,3796
KS,2015,1,3800
KS,2015,2,4848
KS,2016,1,5958
KS,2016,2,5590
KS,2017,1,6757
KS,2017,2,6106
KS,2018,1,6289
KS,2018,2,5710
KS,2019,1,6022
KS,2019,2,6965
KS,2020,1,5818
KS,2020,2,6403
KS,2021,1,8300
KS,2021,2,8018
KS,2022,1,8507
KS,2022,2,6230
KY,1999,2,27
KY,2000,1,75
KY,2000,2,96
KY,2001,1,158
KY,2001,2,124
KY,2002,1,3509
KY,2002,2,2183
KY,2003,1,3142
KY,2003,2,3437
KY,2004,1,10101
KY,2004,2,5850
KY,2005,1,6364
KY,2005,2,4798
KY,2006,1,5241
KY,2006,2,5219
KY,2007,1,5768
KY,2007,2,7223
KY,2008,1,7781
KY,2008,2,8454
KY,2009,1,8654
KY,2009,2,8501
KY,2010,1,9313
KY,2010,2,8774
KY,2011,1,9294
KY,2011,2,8650
KY,2012,1,9190
KY,2012,2,7540
KY,2013,1,7932
KY,2013,2,6553
KY,2014,1,7360
KY,2014,2,7034
KY,2015,1,7806
KY,2015,2,7444
KY,2016,1,8715
KY,2016,2,8442
KY,2017,1,11368
KY,2017,2,10891
KY,2018,1,10941
KY,2018,2,10721
KY,2019,1,12396
KY,2019,2,11424
KY,2020,1,10299
KY,2020,2,11717
KY,2021,1,14389
KY,2021,2,11909
KY,2022,1,12116
KY,2022,2,11276
LA,1997,1,4
LA,1997,2,20
LA,1998,1,2
LA,1998,2,142
LA,1999,1,525
LA,1999,2,842
LA,2000,1,1544
LA,2000,2,1066
LA,2001,1,1401
LA,2001,2,1486
LA,2002,1,2085
LA,2002,2,2335
LA,2003,1,3793
LA,2003,2,3518
LA,2004,1,4607
LA,2004,2,4565
LA,2005,1,5883
LA,2005,2,6737
LA,2006,1,7238
LA,2006,2,6592
LA,2007,1,8703
LA,2007,2,6704
LA,2008,1,6803
LA,2008,2,5912
LA,2009,1,6509
LA,2009,2,6371
LA,2010,1,7019
LA,2010,2,6912
LA,2011,1,7562
LA,2011,2,5842
LA,2012,1,8092
LA,2012,2,6791
LA,2013,1,8787
LA,2013,2,9261
LA,2014,1,10485
LA,2014,2,10063
LA,2015,1,10856
LA,2015,2,11009
LA,2016,1,13511
LA,2016,2,11576
LA,2017,1,13194
LA,2017,2,11304
LA,2018,1,11765
LA,2018,2,10694
LA,2019,1,12366
LA,2019,2,11815
LA,2020,1,11576
LA,2020,2,13299
LA,2021,1,13351
LA,2021,2,10180
LA,2022,1,11382
LA,2022,2,9803
MA,1998,2,1
MA,1999,1,76
MA,1999,2,123
MA,2000,1,371
MA,2000,2,1558
MA,2001,1,2010
MA,2001,2,2895
MA,2002,1,2926
MA,2002,2,2999
MA,2003,1,2982
MA,2003,2,3054
MA,2004,1,3402
MA,2004,2,3247
MA,2005,1,3669
MA,2005,2,3772
MA,2006,1,4233
MA,2006,2,4694
MA,2007,1,4872
MA,2007,2,4789
MA,2008,1,4697
MA,2008,2,5009
MA,2009,1,4564
MA,2009,2,4856
MA,2010,1,5657
MA,2010,2,6437
MA,2011,1,6421
MA,2011,2,5024
MA,2012,1,4258
MA,2012,2,5309
MA,2013,1,4288
MA,2013,2,3668
MA,2014,1,5598
MA,2014,2,4653
MA,2015,1,4902
MA,2015,2,5536
MA,2016,1,7950
MA,2016,2,7882
MA,2017,1,7873
MA,2017,2,7620
MA,2018,1,8681
MA,2018,2,8783
MA,2019,1,10623
MA,2019,2,8755
MA,2020,1,4707
MA,2020,2,7182
MA,2021,1,8455
MA,2021,2,6154
MA,2022,1,6366
MA,2022,2,5464
MD,1998,2,5
MD,1999,1,63
MD,1999,2,116
MD,2000,1,198
MD,2000,2,341
MD,2001,1,431
MD,2001,2,389
MD,2002,1,430
MD,2002,2,372
MD,2003,1,662
MD,2003,2,494
MD,2004,1,669
MD,2004,2,753
MD,2005,1,664
MD,2005,2,1018
MD,2006,1,1485
MD,2006,2,2121
MD,2007,1,1526
MD,2007,2,1668
MD,2008,1,2006
MD,2008,2,2181
MD,2009,1,2350
MD,2009,2,2501
MD,2010,1,3769
MD,2010,2,5157
MD,2011,1,5515
MD,2011,2,5709
MD,2012,1,6208
MD,2012,2,5668
MD,2013,1,6002
MD,2013,2,5414
MD,2014,1,5854
MD,2014,2,4487
MD,2015,1,4923
MD,2015,2,5206
MD,2016,1,5892
MD,2016,2,5797
MD,2017,1,7456
MD,2017,2,7098
MD,2018,1,7324
MD,2018,2,8023
MD,2019,1,8879
MD,2019,2,7458
MD,2020,1,6085
MD,2020,2,6761
MD,2021,1,6894
MD,2021,2,5762
MD,2022,1,5267
MD,2022,2,4193
ME,1999,1,2
ME,2000,1,12
ME,2000,2,17
ME,2001,1,136
ME,2001,2,196
ME,2002,1,144
ME,2002,2,145
ME,2003,1,106
ME,2003,2,176
ME,2004,1,221
ME,2004,2,189
ME,2005,1,112
ME,2005,2,124
ME,2006,1,219
ME,2006,2,184
ME,2007,1,196
ME,2007,2,139
ME,2008,1,159
ME,2008,2,135
ME,2009,1,166
ME,2009,2,149
ME,2010,1,162
ME,2010,2,192
ME,2011,1,316
ME,2011,2,253
ME,2012,1,388
ME,2012,2,334
ME,2013,1,305
ME,2013,2,233
ME,2014,1,371
ME,2014,2,309
ME,2015,1,227
ME,2015,2,282
ME,2016,1,396
ME,2016,2,244
ME,2017,1,266
ME,2017,2,292
ME,2018,1,412
ME,2018,2,460
ME,2019,1,442
ME,2019,2,437
ME,2020,1,463
ME,2020,2,674
ME,2021,1,692
ME,2021,2,637
ME,2022,1,379
ME,2022,2,208
MI,1997,2,44
MI,1998,1,834
MI,1998,2,786
MI,1999,1,847
MI,1999,2,1075
MI,2000,1,1234
MI,2000,2,1282
MI,2001,1,1523
MI,2001,2,1470
MI,2002,1,2069
MI,2002,2,1779
MI,2003,1,2179
MI,2003,2,2099
MI,2004,1,2373
MI,2004,2,2569
MI,2005,1,2836
MI,2005,2,2686
MI,2006,1,3643
MI,2006,2,2603
MI,2007,1,2658
MI,2007,2,1704
MI,2008,1,3541
MI,2008,2,3307
MI,2009,1,3906
MI,2009,2,3740
MI,2010,1,3943
MI,2010,2,3372
MI,2011,1,3783
MI,2011,2,3361
MI,2012,1,3487
MI,2012,2,3461
MI,2013,1,3720
MI,2013,2,3601
MI,2014,1,3965
MI,2014,2,3702
MI,2015,1,4087
MI,2015,2,3765
MI,2016,1,4120
MI,2016,2,3744
MI,2017,1,4330
MI,2017,2,4205
MI,2018,1,4745
MI,2018,2,5083
MI,2019,1,5496
MI,2019,2,5333
MI,2020,1,4784
MI,2020,2,3404
MI,2021,1,1279
MI,2021,2,1085
MI,2022,1,1145
MI,2022,2,1053
MN,1999,2,42
MN,2000,1,85
MN,2000,2,103
MN,2001,1,698
MN,2001,2,1281
MN,2002,1,1714
MN,2002,2,1829
MN,2003,1,2012
MN,2003,2,1939
MN,2004,1,2113
MN,2004,2,1939
MN,2005,1,3334
MN,2005,2,3299
MN,2006,1,2625
MN,2006,2,2822
MN,2007,1,2582
MN,2007,2,2219
MN,2008,1,2179
MN,2008,2,2215
MN,2009,1,2500
MN,2009,2,2497
MN,2010,1,3246
MN,2010,2,2824
MN,2011,1,3196
MN,2011,2,3564
MN,2012,1,3715
MN,2012,2,3442
MN,2013,1,2714
MN,2013,2,2223
MN,2014,1,2293
MN,2014,2,2376
MN,2015,1,2760
MN,2015,2,2602
MN,2016,1,3038
MN,2016,2,3003
MN,2017,1,3673
MN,2017,2,3999
MN,2018,1,4440
MN,2018,2,4842
MN,2019,1,4150
MN,2019,2,4395
MN,2020,1,4051
MN,2020,2,4322
MN,2021,1,5635
MN,2021,2,4944
MN,2022,1,5295
MN,2022,2,3780
MO,1997,1,1
MO,1999,1,560
MO,1999,2,1956
MO,2000,1,2771
MO,2000,2,2197
MO,2001,1,3273
MO,2001,2,2738
MO,2002,1,3380
MO,2002,2,3065
MO,2003,1,4393
MO,2003,2,5027
MO,2004,1,7452
MO,2004,2,6919
MO,2005,1,7983
MO,2005,2,7845
MO,2006,1,8326
MO,2006,2,6882
MO,2007,1,8194
MO,2007,2,7382
MO,2008,1,7677
MO,2008,2,7655
MO,2009,1,9202
MO,2009,2,8675
MO,2010,1,9987
MO,2010,2,9488
MO,2011,1,9847
MO,2011,2,10350
MO,2012,1,12115
MO,2012,2,12083
MO,2013,1,11763
MO,2013,2,10364
MO,2014,1,11356
MO,2014,2,9607
MO,2015,1,11146
MO,2015,2,12226
MO,2016,1,12706
MO,2016,2,12223
MO,2017,1,14786
MO,2017,2,12689
MO,2018,1,13912
MO,2018,2,14131
MO,2019,1,16051
MO,2019,2,14322
MO,2020,1,13335
MO,2020,2,13855
MO,2021,1,17053
MO,2021,2,14398
MO,2022,1,14037
MO,2022,2,12469
MP,2014,2,1
MS,1999,1,8
MS,1999,2,43
MS,2000,1,982
MS,2000,2,2056
MS,2001,1,3043
MS,2001,2,2352
MS,2002,1,2790
MS,2002,2,2138
MS,2003,1,2488
MS,2003,2,1993
MS,2004,1,2768
MS,2004,2,2413
MS,2005,1,3018
MS,2005,2,2265
MS,2006,1,3699
MS,2006,2,3924
MS,2007,1,4362
MS,2007,2,4123
MS,2008,1,3617
MS,2008,2,3788
MS,2009,1,4695
MS,2009,2,4252
MS,2010,1,4909
MS,2010,2,4014
MS,2011,1,3771
MS,2011,2,3011
MS,2012,1,3371
MS,2012,2,3659
MS,2013,1,3999
MS,2013,2,3919
MS,2014,1,4606
MS,2014,2,4201
MS,2015,1,5132
MS,2015,2,5003
MS,2016,1,6486
MS,2016,2,6158
MS,2017,1,7156
MS,2017,2,6684
MS,2018,1,7173
MS,2018,2,6333
MS,2019,1,6950
MS,2019,2,6552
MS,2020,1,5225
MS,2020,2,5229
MS,2021,1,5943
MS,2021,2,5467
MS,2022,1,4908
MS,2022,2,1361
MT,1999,1,2
MT,1999,2,47
MT,2000,1,219
MT,2000,2,489
MT,2001,1,501
MT,2001,2,488
MT,2002,1,605
MT,2002,2,586
MT,2003,1,566
MT,2003,2,631
MT,2004,1,647
MT,2004,2,742
MT,2005,1,777
MT,2005,2,674
MT,2006,1,664
MT,2006,2,554
MT,2007,1,554
MT,2007,2,423
MT,2008,1,465
MT,2008,2,449
MT,2009,1,563
MT,2009,2,574
MT,2010,1,607
MT,2010,2,641
MT,2011,1,716
MT,2011,2,644
MT,2012,1,769
MT,2012,2,781
MT,2013,1,845
MT,2013,2,813
MT,2014,1,765
MT,2014,2,978
MT,2015,1,1287
MT,2015,2,1324
MT,2016,1,1492
MT,2016,2,1139
MT,2017,1,1786
MT,2017,2,1689
MT,2018,1,1791
MT,2018,2,1614
MT,2019,1,1629
MT,2019,2,1153
MT,2020,1,1126
MT,2020,2,1304
MT,2021,1,2180
MT,2021,2,2100
MT,2022,1,2405
MT,2022,2,2482
NC,1998,2,2
NC,1999,1,1
NC,1999,2,39
NC,2000,1,60
NC,2000,2,33
NC,2001,1,69
NC,2001,2,622
NC,2002,1,1880
NC,2002,2,1683
NC,2003,1,1965
NC,2003,2,1825
NC,2004,1,1762
NC,2004,2,1414
NC,2005,1,1417
NC,2005,2,1149
NC,2006,1,1344
NC,2006,2,1273
NC,2007,1,1659
NC,2007,2,2133
NC,2008,1,2751
NC,2008,2,3367
NC,2009,1,3969
NC,2009,2,3667
NC,2010,1,4472
NC,2010,2,3418
NC,2011,1,2420
NC,2011,2,2122
NC,2012,1,1656
NC,2012,2,1425
NC,2013,1,1611
NC,2013,2,1372
NC,2014,1,1400
NC,2014,2,1223
NC,2015,1,1425
NC,2015,2,1626
NC,2016,1,1879
NC,2016,2,2298
NC,2017,1,3213
NC,2017,2,3490
NC,2018,1,4958
NC,2018,2,3800
NC,2019,1,3236
NC,2019,2,5541
NC,2020,1,7457
NC,2020,2,8143
NC,2021,1,8611
NC,2021,2,6235
NC,2022,1,7406
NC,2022,2,6688
ND,2000,1,10
ND,2000,2,6
ND,2001,1,4
ND,2001,2,4
ND,2002,1,13
ND,2003,2,8
ND,2004,1,17
ND,2004,2,17
ND,2005,1,9
ND,2005,2,13
ND,2006,1,20
ND,2006,2,11
ND,2007,1,6
ND,2007,2,372
ND,2008,1,657
ND,2008,2,494
ND,2009,1,761
ND,2009,2,1236
ND,2010,1,1244
ND,2010,2,1095
ND,2011,1,1606
ND,2011,2,2019
ND,2012,1,2119
ND,2012,2,2285
ND,2013,1,2115
ND,2013,2,2090
ND,2014,1,2442
ND,2014,2,2526
ND,2015,1,3112
ND,2015,2,2683
ND,2016,1,3309
ND,2016,2,3039
ND,2017,1,3400
ND,2017,2,2638
ND,2018,1,2421
ND,2018,2,2758
ND,2019,1,2324
ND,2019,2,1901
ND,2020,1,1832
ND,2020,2,1402
ND,2021,1,1533
ND,2021,2,1156
ND,2022,1,1173
ND,2022,2,968
NE,1999,2,10
NE,2000,1,55
NE,2000,2,20
NE,2001,1,39
NE,2001,2,57
NE,2002,1,8
NE,2002,2,43
NE,2003,1,26
NE,2003,2,40
NE,2004,1,29
NE,2004,2,45
NE,2005,1,1965
NE,2005,2,1908
NE,2006,1,1589
NE,2006,2,1391
NE,2007,1,1490
NE,2007,2,1272
NE,2008,1,1116
NE,2008,2,1125
NE,2009,1,1176
NE,2009,2,1098
NE,2010,1,1432
NE,2010,2,1399
NE,2011,1,1482
NE,2011,2,1485
NE,2012,1,1810
NE,2012,2,1744
NE,2013,1,1647
NE,2013,2,1802
NE,2014,1,1909
NE,2014,2,1622
NE,2015,1,1980
NE,2015,2,2127
NE,2016,1,2598
NE,2016,2,2374
NE,2017,1,2755
NE,2017,2,2500
NE,2018,1,2472
NE,2018,2,2730
NE,2019,1,2932
NE,2019,2,2669
NE,2020,1,1998
NE,2020,2,2223
NE,2021,1,2186
NE,2021,2,2031
NE,2022,1,2188
NE,2022,2,2024
NH,1998,2,2
NH,2000,1,16
NH,2000,2,17
NH,2001,1,15
NH,2001,2,21
NH,2002,1,17
NH,2002,2,10
NH,2003,1,20
NH,2003,2,19
NH,2004,1,18
NH,2004,2,7
NH,2005,1,5
NH,2005,2,19
NH,2006,1,9
NH,2006,2,10
NH,2007,1,32
NH,2007,2,20
NH,2008,1,44
NH,2008,2,30
NH,2009,1,20
NH,2009,2,37
NH,2010,1,64
NH,2010,2,81
NH,2011,1,62
NH,2011,2,437
NH,2012,1,1394
NH,2012,2,1448
NH,2013,1,1415
NH,2013,2,1151
NH,2014,1,1258
NH,2014,2,1406
NH,2015,1,1702
NH,2015,2,2070
NH,2016,1,2292
NH,2016,2,2032
NH,2017,1,3013
NH,2017,2,2543
NH,2018,1,2427
NH,2018,2,2788
NH,2019,1,2774
NH,2019,2,2413
NH,2020,1,2097
NH,2020,2,2474
NH,2021,1,3021
NH,2021,2,2755
NH,2022,1,2582
NH,2022,2,2380
NJ,1997,1,29
NJ,1997,2,49
NJ,1998,1,15
NJ,1998,2,32
NJ,1999,1,34
NJ,1999,2,150
NJ,2000,1,249
NJ,2000,2,357
NJ,2001,1,524
NJ,2001,2,527
NJ,2002,1,441
NJ,2002,2,314
NJ,2003,1,286
NJ,2003,2,651
NJ,2004,1,606
NJ,2004,2,1591
NJ,2005,1,2281
NJ,2005,2,2116
NJ,2006,1,2450
NJ,2006,2,2690
NJ,2007,1,3041
NJ,2007,2,2770
NJ,2008,1,3227
NJ,2008,2,3444
NJ,2009,1,3742
NJ,2009,2,3921
NJ,2010,1,3849
NJ,2010,2,3958
NJ,2011,1,4274
NJ,2011,2,4387
NJ,2012,1,4808
NJ,2012,2,4274
NJ,2013,1,4659
NJ,2013,2,4457
NJ,2014,1,4714
NJ,2014,2,4685
NJ,2015,1,5032
NJ,2015,2,5522
NJ,2016,1,6384
NJ,2016,2,6871
NJ,2017,1,8491
NJ,2017,2,8667
NJ,2018,1,9661
NJ,2018,2,10760
NJ,2019,1,12501
NJ,2019,2,13060
NJ,2020,1,10316
NJ,2020,2,13800
NJ,2021,1,13333
NJ,2021,2,15347
NJ,2022,1,16501
NJ,2022,2,14134
NM,1998,2,2
NM,1999,1,29
NM,1999,2,120
NM,2000,1,409
NM,2000,2,367
NM,2001,1,382
NM,2001,2,474
NM,2002,1,397
NM,2002,2,335
NM,2003,1,321
NM,2003,2,243
NM,2004,1,547
NM,2004,2,604
NM,2005,1,1556
NM,2005,2,1261
NM,2006,1,909
NM,2006,2,945
NM,2007,1,1189
NM,2007,2,856
NM,2008,1,1109
NM,2008,2,986
NM,2009,1,1111
NM,2009,2,1108
NM,2010,1,1394
NM,2010,2,1112
NM,2011,1,1328
NM,2011,2,1386
NM,2012,1,2139
NM,2012,2,1995
NM,2013,1,2255
NM,2013,2,2422
NM,2014,1,2680
NM,2014,2,2506
NM,2015,1,2867
NM,2015,2,2940
NM,2016,1,3465
NM,2016,2,3142
NM,2017,1,3070
NM,2017,2,3112
NM,2018,1,3223
NM,2018,2,3315
NM,2019,1,3221
NM,2019,2,3145
NM,2020,1,2844
NM,2020,2,2837
NM,2021,1,4296
NM,2021,2,4080
NM,2022,1,4951
NM,2022,2,3893
NV,1999,2,61
NV,2000,1,126
NV,2000,2,95
NV,2001,1,187
NV,2001,2,92
NV,2002,1,1026
NV,2002,2,1002
NV,2003,1,1079
NV,2003,2,854
NV,2004,1,1243
NV,2004,2,994
NV,2005,1,1554
NV,2005,2,1182
NV,2006,1,1482
NV,2006,2,1502
NV,2007,1,1863
NV,2007,2,1780
NV,2008,1,3303
NV,2008,2,3284
NV,2009,1,3425
NV,2009,2,2839
NV,2010,1,2499
NV,2010,2,2410
NV,2011,1,3064
NV,2011,2,2802
NV,2012,1,2647
NV,2012,2,1965
NV,2013,1,1703
NV,2013,2,1237
NV,2014,1,1480
NV,2014,2,1289
NV,2015,1,1112
NV,2015,2,1331
NV,2016,1,1250
NV,2016,2,1193
NV,2017,1,1136
NV,2017,2,1548
NV,2018,1,1580
NV,2018,2,1896
NV,2019,1,2609
NV,2019,2,2652
NV,2020,1,2001
NV,2020,2,2422
NV,2021,1,2796
NV,2021,2,2293
NV,2022,1,1426
NV,2022,2,818
NY,1997,1,5
NY,1998,1,76
NY,1998,2,316
NY,1999,1,444
NY,1999,2,793
NY,2000,1,822
NY,2000,2,804
NY,2001,1,979
NY,2001,2,1124
NY,2002,1,785
NY,2002,2,781
NY,2003,1,708
NY,2003,2,694
NY,2004,1,1191
NY,2004,2,1114
NY,2005,1,1438
NY,2005,2,1482
NY,2006,1,1841
NY,2006,2,1735
NY,2007,1,1928
NY,2007,2,1913
NY,2008,1,2463
NY,2008,2,2219
NY,2009,1,2697
NY,2009,2,2606
NY,2010,1,2818
NY,2010,2,2675
NY,2011,1,2908
NY,2011,2,2698
NY,2012,1,2601
NY,2012,2,1981
NY,2013,1,2050
NY,2013,2,1699
NY,2014,1,1840
NY,2014,2,2081
NY,2015,1,2205
NY,2015,2,2054
NY,2016,1,2539
NY,2016,2,2341
NY,2017,1,3355
NY,2017,2,3080
NY,2018,1,3524
NY,2018,2,3240
NY,2019,1,3878
NY,2019,2,3776
NY,2020,1,3937
NY,2020,2,5018
NY,2021,1,5574
NY,2021,2,5014
NY,2022,1,6057
NY,2022,2,5174
OH,1998,2,250
OH,1999,1,461
OH,1999,2,480
OH,2000,1,1149
OH,2000,2,1136
OH,2001,1,1493
OH,2001,2,1798
OH,2002,1,2098
OH,2002,2,2140
OH,2003,1,3041
OH,2003,2,3350
OH,2004,1,4086
OH,2004,2,4117
OH,2005,1,5161
OH,2005,2,4949
OH,2006,1,5730
OH,2006,2,5189
OH,2007,1,5968
OH,2007,2,6201
OH,2008,1,6048
OH,2008,2,6364
OH,2009,1,7975
OH,2009,2,8044
OH,2010,1,10288
OH,2010,2,8760
OH,2011,1,9811
OH,2011,2,9583
OH,2012,1,12150
OH,2012,2,10371
OH,2013,1,11527
OH,2013,2,11090
OH,2014,1,11901
OH,2014,2,12472
OH,2015,1,14719
OH,2015,2,16240
OH,2016,1,19818
OH,2016,2,23106
OH,2017,1,30732
OH,2017,2,29775
OH,2018,1,32249
OH,2018,2,34463
OH,2019,1,37893
OH,2019,2,37820
OH,2020,1,34104
OH,2020,2,44857
OH,2021,1,47132
OH,2021,2,42094
OH,2022,1,37651
OH,2022,2,32440
OK,1999,1,6
OK,1999,2,53
OK,2000,1,60
OK,2000,2,96
OK,2001,1,94
OK,2001,2,84
OK,2002,1,87
OK,2002,2,101
OK,2003,1,39
OK,2003,2,162
OK,2004,1,230
OK,2004,2,3259
OK,2005,1,4783
OK,2005,2,4607
OK,2006,1,4771
OK,2006,2,4289
OK,2007,1,4891
OK,2007,2,3584
OK,2008,1,3782
OK,2008,2,3635
OK,2009,1,7768
OK,2009,2,7241
OK,2010,1,8973
OK,2010,2,8100
OK,2011,1,8055
OK,2011,2,7474
OK,2012,1,9456
OK,2012,2,8875
OK,2013,1,10925
OK,2013,2,10056
OK,2014,1,11471
OK,2014,2,10546
OK,2015,1,11583
OK,2015,2,11195
OK,2016,1,13788
OK,2016,2,11804
OK,2017,1,13345
OK,2017,2,9114
OK,2018,1,8904
OK,2018,2,8057
OK,2019,1,8167
OK,2019,2,7902
OK,2020,1,6135
OK,2020,2,6015
OK,2021,1,8199
OK,2021,2,7231
OK,2022,1,7465
OK,2022,2,7911
OR,1999,1,4261
OR,1999,2,5899
OR,2000,1,6553
OR,2000,2,3796
OR,2001,1,7982
OR,2001,2,8524
OR,2002,1,9631
OR,2002,2,8105
OR,2003,1,4863
OR,2003,2,5250
OR,2004,1,5349
OR,2004,2,5224
OR,2005,1,5328
OR,2005,2,6686
OR,2006,1,5673
OR,2006,2,5305
OR,2007,1,5628
OR,2007,2,3870
OR,2008,1,3483
OR,2008,2,3420
OR,2009,1,3802
OR,2009,2,3470
OR,2010,1,4279
OR,2010,2,4104
OR,2011,1,4472
OR,2011,2,4359
OR,2012,1,4974
OR,2012,2,4854
OR,2013,1,5243
OR,2013,2,4998
OR,2014,1,5415
OR,2014,2,5574
OR,2015,1,5837
OR,2015,2,5551
OR,2016,1,5686
OR,2016,2,5108
OR,2017,1,4851
OR,2017,2,4163
OR,2018,1,5155
OR,2018,2,5169
OR,2019,1,5463
OR,2019,2,4935
OR,2020,1,4022
OR,2020,2,4105
OR,2021,1,2744
OR,2021,2,1812
OR,2022,1,1971
OR,2022,2,1383
PA,1997,1,4
PA,1998,1,4
PA,1998,2,60
PA,1999,1,636
PA,1999,2,933
PA,2000,1,1053
PA,2000,2,972
PA,2001,1,1128
PA,2001,2,1273
PA,2002,1,1038
PA,2002,2,1248
PA,2003,1,1568
PA,2003,2,1883
PA,2004,1,2357
PA,2004,2,2106
PA,2005,1,2153
PA,2005,2,2291
PA,2006,1,5307
PA,2006,2,5176
PA,2007,1,6030
PA,2007,2,5869
PA,2008,1,6327
PA,2008,2,6205
PA,2009,1,8616
PA,2009,2,7968
PA,2010,1,8598
PA,2010,2,8424
PA,2011,1,9203
PA,2011,2,10122
PA,2012,1,10845
PA,2012,2,9646
PA,2013,1,9163
PA,2013,2,9543
PA,2014,1,11116
PA,2014,2,11922
PA,2015,1,11098
PA,2015,2,10983
PA,2016,1,10488
PA,2016,2,11511
PA,2017,1,15013
PA,2017,2,14157
PA,2018,1,15834
PA,2018,2,16658
PA,2019,1,19640
PA,2019,2,14661
PA,2020,1,12470
PA,2020,2,18252
PA,2021,1,24399
PA,2021,2,20172
PA,2022,1,18879
PA,2022,2,16416
PR,2000,1,26
PR,2000,2,43
PR,2001,1,28
PR,2001,2,44
PR,2002,1,43
PR,2002,2,17
PR,2003,1,42
PR,2003,2,34
PR,2004,1,59
PR,2004,2,34
PR,2005,1,49
PR,2005,2,36
PR,2006,1,67
PR,2006,2,115
PR,2007,1,75
PR,2007,2,76
PR,2008,1,93
PR,2008,2,106
PR,2009,1,213
PR,2009,2,183
PR,2010,1,361
PR,2010,2,226
PR,2011,1,333
PR,2011,2,350
PR,2012,1,495
PR,2012,2,287
PR,2013,1,406
PR,2013,2,210
PR,2014,1,319
PR,2014,2,322
PR,2015,1,339
PR,2015,2,179
PR,2016,1,451
PR,2016,2,501
PR,2017,1,340
PR,2017,2,258
PR,2018,1,460
PR,2018,2,243
PR,2019,1,236
PR,2019,2,284
PR,2020,1,156
PR,2020,2,116
PR,2021,1,241
PR,2021,2,116
PR,2022,1,156
PR,2022,2,137
RI,1999,2,5
RI,2000,1,8
RI,2000,2,19
RI,2001,1,36
RI,2001,2,44
RI,2002,1,32
RI,2002,2,2
RI,2003,1,11
RI,2003,2,13
RI,2004,1,11
RI,2004,2,5
RI,2005,1,4
RI,2005,2,3
RI,2006,1,31
RI,2006,2,22
RI,2007,1,20
RI,2007,2,9
RI,2008,1,103
RI,2008,2,26
RI,2009,1,6
RI,2009,2,55
RI,2010,1,30
RI,2010,2,25
RI,2011,1,36
RI,2011,2,57
RI,2012,1,55
RI,2012,2,29
RI,2013,1,42
RI,2013,2,22
RI,2014,1,56
RI,2014,2,449
RI,2015,1,601
RI,2015,2,554
RI,2016,1,653
RI,2016,2,818
RI,2017,1,776
RI,2017,2,964
RI,2018,1,1044
RI,2018,2,987
RI,2019,1,1039
RI,2019,2,1064
RI,2020,1,688
RI,2020,2,983
RI,2021,1,1746
RI,2021,2,1273
RI,2022,1,1349
RI,2022,2,1089
SC,1998,2,2
SC,1999,1,1
SC,1999,2,10
SC,2000,1,787
SC,2000,2,688
SC,2001,1,768
SC,2001,2,874
SC,2002,1,1510
SC,2002,2,1035
SC,2003,1,1246
SC,2003,2,1089
SC,2004,1,1097
SC,2004,2,1142
SC,2005,1,1367
SC,2005,2,1315
SC,2006,1,1060
SC,2006,2,874
SC,2007,1,916
SC,2007,2,766
SC,2008,1,993
SC,2008,2,1287
SC,2009,1,1819
SC,2009,2,1387
SC,2010,1,1571
SC,2010,2,1520
SC,2011,1,1323
SC,2011,2,1456
SC,2012,1,2857
SC,2012,2,4071
SC,2013,1,4828
SC,2013,2,4073
SC,2014,1,5006
SC,2014,2,4822
SC,2015,1,6201
SC,2015,2,5555
SC,2016,1,6445
SC,2016,2,5558
SC,2017,1,8693
SC,2017,2,8434
SC,2018,1,10532
SC,2018,2,9509
SC,2019,1,10198
SC,2019,2,8994
SC,2020,1,6189
SC,2020,2,9703
SC,2021,1,10373
SC,2021,2,8482
SC,2022,1,5190
SC,2022,2,4824
SD,1999,2,9
SD,2000,1,29
SD,2000,2,22
SD,2001,1,37
SD,2001,2,80
SD,2002,1,56
SD,2002,2,29
SD,2003,1,163
SD,2003,2,221
SD,2004,1,263
SD,2004,2,352
SD,2005,1,228
SD,2005,2,187
SD,2006,1,182
SD,2006,2,177
SD,2007,1,136
SD,2007,2,111
SD,2008,1,156
SD,2008,2,106
SD,2009,1,76
SD,2009,2,170
SD,2010,1,177
SD,2010,2,129
SD,2011,1,192
SD,2011,2,154
SD,2012,1,285
SD,2012,2,202
SD,2013,1,294
SD,2013,2,336
SD,2014,1,435
SD,2014,2,370
SD,2015,1,352
SD,2015,2,354
SD,2016,1,476
SD,2016,2,399
SD,2017,1,432
SD,2017,2,703
SD,2018,1,619
SD,2018,2,762
SD,2019,1,750
SD,2019,2,830
SD,2020,1,596
SD,2020,2,503
SD,2021,1,605
SD,2021,2,730
SD,2022,1,677
SD,2022,2,751
TN,1999,1,23
TN,1999,2,169
TN,2000,1,222
TN,2000,2,212
TN,2001,1,275
TN,2001,2,177
TN,2002,1,265
TN,2002,2,118
TN,2003,1,303
TN,2003,2,129
TN,2004,1,144
TN,2004,2,366
TN,2005,1,2604
TN,2005,2,4979
TN,2006,1,4939
TN,2006,2,4150
TN,2007,1,5589
TN,2007,2,5486
TN,2008,1,5878
TN,2008,2,5686
TN,2009,1,6938
TN,2009,2,7802
TN,2010,1,7884
TN,2010,2,7295
TN,2011,1,8827
TN,2011,2,8999
TN,2012,1,9261
TN,2012,2,7721
TN,2013,1,7688
TN,2013,2,7751
TN,2014,1,7450
TN,2014,2,7364
TN,2015,1,8612
TN,2015,2,9047
TN,2016,1,10614
TN,2016,2,9827
TN,2017,1,11569
TN,2017,2,10965
TN,2018,1,11995
TN,2018,2,11411
TN,2019,1,12315
TN,2019,2,11846
TN,2020,1,11589
TN,2020,2,12782
TN,2021,1,16284
TN,2021,2,12663
TN,2022,1,12741
TN,2022,2,9910
TX,1997,1,1
TX,1997,2,22
TX,1998,1,211
TX,1998,2,2042
TX,1999,1,6494
TX,1999,2,6597
TX,2000,1,6966
TX,2000,2,7376
TX,2001,1,10229
TX,2001,2,9201
TX,2002,1,10516
TX,2002,2,10645
TX,2003,1,12341
TX,2003,2,12888
TX,2004,1,15516
TX,2004,2,14290
TX,2005,1,17324
TX,2005,2,16574
TX,2006,1,18171
TX,2006,2,16239
TX,2007,1,20131
TX,2007,2,14950
TX,2008,1,15628
TX,2008,2,15624
TX,2009,1,19038
TX,2009,2,17204
TX,2010,1,20191
TX,2010,2,19118
TX,2011,1,21222
TX,2011,2,16611
TX,2012,1,22589
TX,2012,2,19405
TX,2013,1,20329
TX,2013,2,20687
TX,2014,1,27851
TX,2014,2,26942
TX,2015,1,30377
TX,2015,2,30866
TX,2016,1,35679
TX,2016,2,32077
TX,2017,1,38018
TX,2017,2,35694
TX,2018,1,38703
TX,2018,2,36020
TX,2019,1,39176
TX,2019,2,35282
TX,2020,1,35760
TX,2020,2,35430
TX,2021,1,37839
TX,2021,2,31490
TX,2022,1,32789
TX,2022,2,29538
UT,1997,1,2
UT,1998,1,37
UT,1998,2,67
UT,1999,1,89
UT,1999,2,263
UT,2000,1,1982
UT,2000,2,2011
UT,2001,1,2525
UT,2001,2,2338
UT,2002,1,2355
UT,2002,2,2581
UT,2003,1,3354
UT,2003,2,3334
UT,2004,1,4842
UT,2004,2,3810
UT,2005,1,3851
UT,2005,2,3200
UT,2006,1,2444
UT,2006,2,2677
UT,2007,1,3924
UT,2007,2,3179
UT,2008,1,3196
UT,2008,2,3350
UT,2009,1,2967
UT,2009,2,3117
UT,2010,1,3310
UT,2010,2,2347
UT,2011,1,3296
UT,2011,2,3769
UT,2012,1,4713
UT,2012,2,3626
UT,2013,1,3421
UT,2013,2,2810
UT,2014,1,3753
UT,2014,2,3409
UT,2015,1,3284
UT,2015,2,2940
UT,2016,1,2068
UT,2016,2,1214
UT,2017,1,1429
UT,2017,2,1393
UT,2018,1,1525
UT,2018,2,1335
UT,2019,1,1465
UT,2019,2,1198
UT,2020,1,863
UT,2020,2,760
UT,2021,1,1144
UT,2021,2,999
UT,2022,1,1154
UT,2022,2,1025
VA,1997,1,2
VA,1998,1,10
VA,1998,2,395
VA,1999,1,1262
VA,1999,2,1840
VA,2000,1,2448
VA,2000,2,3148
VA,2001,1,3179
VA,2001,2,3216
VA,2002,1,3673
VA,2002,2,3244
VA,2003,1,3958
VA,2003,2,3721
VA,2004,1,4734
VA,2004,2,4771
VA,2005,1,5310
VA,2005,2,5343
VA,2006,1,5839
VA,2006,2,5724
VA,2007,1,6427
VA,2007,2,6263
VA,2008,1,7040
VA,2008,2,7000
VA,2009,1,8277
VA,2009,2,7978
VA,2010,1,8251
VA,2010,2,8636
VA,2011,1,10679
VA,2011,2,10071
VA,2012,1,10738
VA,2012,2,10911
VA,2013,1,10697
VA,2013,2,10243
VA,2014,1,10914
VA,2014,2,10036
VA,2015,1,10128
VA,2015,2,10441
VA,2016,1,11890
VA,2016,2,11581
VA,2017,1,13907
VA,2017,2,13223
VA,2018,1,14304
VA,2018,2,13343
VA,2019,1,15022
VA,2019,2,15088
VA,2020,1,14964
VA,2020,2,15593
VA,2021,1,17469
VA,2021,2,15178
VA,2022,1,16084
VA,2022,2,15656
VI,2000,1,10
VI,2000,2,2
VI,2001,1,11
VI,2001,2,9
VI,2002,1,10
VI,2002,2,3
VI,2003,1,3
VI,2003,2,9
VI,2004,1,7
VI,2005,1,4
VI,2005,2,4
VI,2006,1,15
VI,2006,2,50
VI,2007,1,25
VI,2007,2,3
VI,2008,1,2
VI,2008,2,3
VI,2009,1,7
VI,2009,2,8
VI,2010,1,15
VI,2010,2,5
VI,2011,1,49
VI,2011,2,18
VI,2012,1,11
VI,2012,2,7
VI,2013,1,22
VI,2013,2,8
VI,2014,1,21
VI,2014,2,50
VI,2015,1,18
VI,2015,2,12
VI,2016,1,1
VI,2016,2,6
VI,2017,1,4
VI,2017,2,6
VI,2018,1,1
VI,2018,2,2
VI,2019,1,5
VI,2019,2,3
VI,2020,1,7
VI,2020,2,2
VI,2021,1,6
VI,2021,2,7
VI,2022,1,3
VI,2022,2,8
VT,1999,2,1
VT,2000,1,16
VT,2000,2,19
VT,2001,1,40
VT,2001,2,7
VT,2002,1,11
VT,2002,2,8
VT,2003,1,16
VT,2003,2,13
VT,2004,1,11
VT,2004,2,6
VT,2005,1,14
VT,2005,2,22
VT,2006,1,16
VT,2006,2,19
VT,2007,1,10
VT,2007,2,15
VT,2008,1,6
VT,2008,2,50
VT,2009,1,128
VT,2009,2,140
VT,2010,1,119
VT,2010,2,143
VT,2011,1,102
VT,2011,2,113
VT,2012,1,123
VT,2012,2,120
VT,2013,1,82
VT,2013,2,80
VT,2014,1,90
VT,2014,2,90
VT,2015,1,149
VT,2015,2,125
VT,2016,1,174
VT,2016,2,275
VT,2017,1,265
VT,2017,2,413
VT,2018,1,657
VT,2018,2,655
VT,2019,1,606
VT,2019,2,804
VT,2020,1,677
VT,2020,2,1139
VT,2021,1,978
VT,2021,2,1368
VT,2022,1,824
VT,2022,2,394
WA,1998,1,7
WA,1998,2,1
WA,1999,1,5
WA,1999,2,37
WA,2000,1,297
WA,2000,2,2908
WA,2001,1,7022
WA,2001,2,4142
WA,2002,1,3952
WA,2002,2,3856
WA,2003,1,4604
WA,2003,2,4724
WA,2004,1,5003
WA,2004,2,4705
WA,2005,1,5354
WA,2005,2,5159
WA,2006,1,5023
WA,2006,2,5332
WA,2007,1,5806
WA,2007,2,4366
WA,2008,1,4122
WA,2008,2,3928
WA,2009,1,3940
WA,2009,2,3339
WA,2010,1,3632
WA,2010,2,3426
WA,2011,1,3836
WA,2011,2,3497
WA,2012,1,4063
WA,2012,2,3827
WA,2013,1,3716
WA,2013,2,3562
WA,2014,1,3883
WA,2014,2,3519
WA,2015,1,3709
WA,2015,2,3862
WA,2016,1,4436
WA,2016,2,4102
WA,2017,1,4393
WA,2017,2,4125
WA,2018,1,4526
WA,2018,2,4620
WA,2019,1,4989
WA,2019,2,5152
WA,2020,1,5311
WA,2020,2,5051
WA,2021,1,3180
WA,2021,2,2301
WA,2022,1,3196
WA,2022,2,3684
WI,1998,2,2
WI,1999,2,3
WI,2000,1,9
WI,2000,2,22
WI,2001,1,40
WI,2001,2,46
WI,2002,1,87
WI,2002,2,29
WI,2003,1,41
WI,2003,2,173
WI,2004,1,758
WI,2004,2,1186
WI,2005,1,1474
WI,2005,2,1579
WI,2006,1,1715
WI,2006,2,1569
WI,2007,1,1630
WI,2007,2,1379
WI,2008,1,1434
WI,2008,2,1570
WI,2009,1,1751
WI,2009,2,1714
WI,2010,1,1728
WI,2010,2,1663
WI,2011,1,1728
WI,2011,2,1886
WI,2012,1,2399
WI,2012,2,2019
WI,2013,1,2067
WI,2013,2,2038
WI,2014,1,2388
WI,2014,2,2371
WI,2015,1,2321
WI,2015,2,2373
WI,2016,1,2722
WI,2016,2,2538
WI,2017,1,2581
WI,2017,2,2186
WI,2018,1,2219
WI,2018,2,1946
WI,2019,1,1786
WI,2019,2,2002
WI,2020,1,2151
WI,2020,2,1921
WI,2021,1,2410
WI,2021,2,2191
WI,2022,1,2184
WI,2022,2,1820
WV,1999,1,15
WV,1999,2,162
WV,2000,1,464
WV,2000,2,361
WV,2001,1,843
WV,2001,2,358
WV,2002,1,347
WV,2002,2,255
WV,2003,1,465
WV,2003,2,703
WV,2004,1,913
WV,2004,2,360
WV,2005,1,1256
WV,2005,2,910
WV,2006,1,1244
WV,2006,2,1204
WV,2007,1,1053
WV,2007,2,1136
WV,2008,1,1108
WV,2008,2,312
WV,2009,1,1628
WV,2009,2,1434
WV,2010,1,1592
WV,2010,2,1639
WV,2011,1,1883
WV,2011,2,2223
WV,2012,1,2093
WV,2012,2,1717
WV,2013,1,2137
WV,2013,2,1532
WV,2014,1,1596
WV,2014,2,1254
WV,2015,1,1197
WV,2015,2,1215
WV,2016,1,1371
WV,2016,2,1372
WV,2017,1,1987
WV,2017,2,1994
WV,2018,1,2267
WV,2018,2,2077
WV,2019,1,3074
WV,2019,2,2660
WV,2020,1,2515
WV,2020,2,2918
WV,2021,1,4841
WV,2021,2,4030
WV,2022,1,3791
WV,2022,2,3662
WY,1999,2,1
WY,2000,1,3
WY,2000,2,47
WY,2001,1,637
WY,2001,2,530
WY,2002,1,895
WY,2002,2,672
WY,2003,1,879
WY,2003,2,643
WY,2004,1,1071
WY,2004,2,541
WY,2005,1,1105
WY,2005,2,1037
WY,2006,1,957
WY,2006,2,874
WY,2007,1,1202
WY,2007,2,628
WY,2008,1,721
WY,2008,2,624
WY,2009,1,536
WY,2009,2,664
WY,2010,1,589
WY,2010,2,448
WY,2011,1,733
WY,2011,2,608
WY,2012,1,735
WY,2012,2,907
WY,2013,1,1016
WY,2013,2,954
WY,2014,1,900
WY,2014,2,1062
WY,2015,1,1170
WY,2015,2,1111
WY,2016,1,1418
WY,2016,2,1355
WY,2017,1,1458
WY,2017,2,1295
WY,2018,1,1435
WY,2018,2,1417
WY,2019,1,1482
WY,2019,2,1372
WY,2020,1,1073
WY,2020,2,1012
WY,2021,1,1184
WY,2021,2,948
WY,2022,1,1233
WY,2022,2,1272
XX,2008,1,4
XX,2008,2,55
XX,2009,1,73
XX,2009,2,173
XX,2010,1,118
XX,2010,2,160
XX,2011,1,132
XX,2011,2,152
XX,2012,1,493
XX,2012,2,213
XX,2013,1,335
XX,2013,2,168
XX,2014,1,210
XX,2014,2,8
XX,2015,1,1
XX,2015,2,2
XX,2016,1,18
XX,2016,2,20
XX,2017,1,14
XX,2017,2,4
XX,2018,1,9
XX,2018,2,14
XX,2019,1,27
XX,2019,2,15
XX,2020,1,2
XX,2020,2,24
XX,2021,1,10
XX,2021,2,6
XX,2022,1,4
